week,pnl,weights
2024-09-02,-0.001536172173391255,"{'L1K2': 0.165, 'L1K3': 0.216, 'L3K2': 0.132, 'L3K3': 0.197, 'L7K2': 0.117, 'L7K3': 0.173}"
2024-09-09,0.01780885881143015,"{'L1K2': 0.163, 'L1K3': 0.213, 'L3K2': 0.132, 'L3K3': 0.199, 'L7K2': 0.118, 'L7K3': 0.175}"
2024-09-16,-0.040387110620099455,"{'L1K2': 0.162, 'L1K3': 0.211, 'L3K2': 0.131, 'L3K3': 0.2, 'L7K2': 0.119, 'L7K3': 0.177}"
2024-09-23,-0.015358796725815395,"{'L1K2': 0.166, 'L1K3': 0.205, 'L3K2': 0.134, 'L3K3': 0.197, 'L7K2': 0.121, 'L7K3': 0.177}"
2024-09-30,0.001388474512864839,"{'L1K2': 0.167, 'L1K3': 0.204, 'L3K2': 0.135, 'L3K3': 0.195, 'L7K2': 0.122, 'L7K3': 0.176}"
2024-10-07,0.006662722687067531,"{'L1K2': 0.168, 'L1K3': 0.203, 'L3K2': 0.136, 'L3K3': 0.195, 'L7K2': 0.122, 'L7K3': 0.176}"
2024-10-14,-0.03804259452928064,"{'L1K2': 0.167, 'L1K3': 0.204, 'L3K2': 0.136, 'L3K3': 0.194, 'L7K2': 0.122, 'L7K3': 0.177}"
2024-10-21,0.03956864524962808,"{'L1K2': 0.166, 'L1K3': 0.204, 'L3K2': 0.138, 'L3K3': 0.194, 'L7K2': 0.123, 'L7K3': 0.175}"
2024-10-28,0.012848345580605524,"{'L1K2': 0.164, 'L1K3': 0.2, 'L3K2': 0.139, 'L3K3': 0.196, 'L7K2': 0.124, 'L7K3': 0.176}"
2024-11-04,-0.06316982644766996,"{'L1K2': 0.164, 'L1K3': 0.2, 'L3K2': 0.14, 'L3K3': 0.206, 'L7K2': 0.122, 'L7K3': 0.169}"
2024-11-11,0.06505293925548127,"{'L1K2': 0.16, 'L1K3': 0.202, 'L3K2': 0.139, 'L3K3': 0.218, 'L7K2': 0.12, 'L7K3': 0.162}"
2024-11-18,0.175288113417107,"{'L1K2': 0.153, 'L1K3': 0.205, 'L3K2': 0.136, 'L3K3': 0.223, 'L7K2': 0.119, 'L7K3': 0.163}"
2024-11-25,-0.0035302727623328215,"{'L1K2': 0.135, 'L1K3': 0.192, 'L3K2': 0.126, 'L3K3': 0.204, 'L7K2': 0.147, 'L7K3': 0.196}"
2024-12-02,0.08834207754087474,"{'L1K2': 0.127, 'L1K3': 0.185, 'L3K2': 0.121, 'L3K3': 0.195, 'L7K2': 0.161, 'L7K3': 0.212}"
2024-12-09,-0.007964972276930748,"{'L1K2': 0.127, 'L1K3': 0.184, 'L3K2': 0.119, 'L3K3': 0.19, 'L7K2': 0.163, 'L7K3': 0.217}"
2024-12-16,0.021328483479550478,"{'L1K2': 0.126, 'L1K3': 0.186, 'L3K2': 0.118, 'L3K3': 0.187, 'L7K2': 0.164, 'L7K3': 0.218}"
2024-12-23,0.008362574486053948,"{'L1K2': 0.126, 'L1K3': 0.187, 'L3K2': 0.118, 'L3K3': 0.186, 'L7K2': 0.165, 'L7K3': 0.219}"
2024-12-30,-0.0026691055239704818,"{'L1K2': 0.127, 'L1K3': 0.188, 'L3K2': 0.118, 'L3K3': 0.185, 'L7K2': 0.165, 'L7K3': 0.218}"
2025-01-06,0.03902707655158755,"{'L1K2': 0.127, 'L1K3': 0.187, 'L3K2': 0.118, 'L3K3': 0.183, 'L7K2': 0.165, 'L7K3': 0.221}"
2025-01-13,-0.0323031862082727,"{'L1K2': 0.126, 'L1K3': 0.186, 'L3K2': 0.118, 'L3K3': 0.182, 'L7K2': 0.165, 'L7K3': 0.222}"
2025-01-20,0.0693494874475584,"{'L1K2': 0.126, 'L1K3': 0.184, 'L3K2': 0.119, 'L3K3': 0.183, 'L7K2': 0.165, 'L7K3': 0.223}"
2025-01-27,0.050253842060339345,"{'L1K2': 0.126, 'L1K3': 0.185, 'L3K2': 0.12, 'L3K3': 0.181, 'L7K2': 0.165, 'L7K3': 0.223}"
2025-02-03,0.04810960085421039,"{'L1K2': 0.126, 'L1K3': 0.186, 'L3K2': 0.12, 'L3K3': 0.18, 'L7K2': 0.165, 'L7K3': 0.222}"
2025-02-10,-0.020832057107804672,"{'L1K2': 0.127, 'L1K3': 0.187, 'L3K2': 0.121, 'L3K3': 0.18, 'L7K2': 0.164, 'L7K3': 0.221}"
2025-02-17,0.02708010832105436,"{'L1K2': 0.127, 'L1K3': 0.188, 'L3K2': 0.121, 'L3K3': 0.18, 'L7K2': 0.163, 'L7K3': 0.221}"
2025-02-24,0.022335847234383834,"{'L1K2': 0.128, 'L1K3': 0.189, 'L3K2': 0.123, 'L3K3': 0.182, 'L7K2': 0.161, 'L7K3': 0.218}"
2025-03-03,0.029074576429449973,"{'L1K2': 0.128, 'L1K3': 0.191, 'L3K2': 0.124, 'L3K3': 0.181, 'L7K2': 0.16, 'L7K3': 0.217}"
2025-03-10,0.07409664298642467,"{'L1K2': 0.129, 'L1K3': 0.193, 'L3K2': 0.125, 'L3K3': 0.182, 'L7K2': 0.158, 'L7K3': 0.214}"
2025-03-17,-0.00580782902421719,"{'L1K2': 0.13, 'L1K3': 0.194, 'L3K2': 0.127, 'L3K3': 0.183, 'L7K2': 0.156, 'L7K3': 0.21}"
2025-03-24,0.027778069228548228,"{'L1K2': 0.132, 'L1K3': 0.196, 'L3K2': 0.126, 'L3K3': 0.185, 'L7K2': 0.154, 'L7K3': 0.208}"
2025-03-31,-0.008134197746987475,"{'L1K2': 0.133, 'L1K3': 0.196, 'L3K2': 0.126, 'L3K3': 0.186, 'L7K2': 0.154, 'L7K3': 0.206}"
2025-04-07,-0.01312645776740763,"{'L1K2': 0.133, 'L1K3': 0.194, 'L3K2': 0.126, 'L3K3': 0.185, 'L7K2': 0.154, 'L7K3': 0.207}"
2025-04-14,0.0002327881877417714,"{'L1K2': 0.133, 'L1K3': 0.194, 'L3K2': 0.127, 'L3K3': 0.186, 'L7K2': 0.154, 'L7K3': 0.206}"
2025-04-21,0.017700083023380407,"{'L1K2': 0.133, 'L1K3': 0.193, 'L3K2': 0.126, 'L3K3': 0.187, 'L7K2': 0.154, 'L7K3': 0.208}"
2025-04-28,0.017281747747753984,"{'L1K2': 0.133, 'L1K3': 0.194, 'L3K2': 0.125, 'L3K3': 0.186, 'L7K2': 0.154, 'L7K3': 0.208}"
2025-05-05,0.052546552681254945,"{'L1K2': 0.133, 'L1K3': 0.194, 'L3K2': 0.124, 'L3K3': 0.187, 'L7K2': 0.153, 'L7K3': 0.208}"
2025-05-12,0.009044696363203375,"{'L1K2': 0.134, 'L1K3': 0.191, 'L3K2': 0.124, 'L3K3': 0.182, 'L7K2': 0.157, 'L7K3': 0.213}"
2025-05-19,0.025155180845794406,"{'L1K2': 0.135, 'L1K3': 0.189, 'L3K2': 0.124, 'L3K3': 0.178, 'L7K2': 0.16, 'L7K3': 0.214}"
2025-05-26,-0.024490004660727597,"{'L1K2': 0.163, 'L1K3': 0.197, 'L3K2': 0.13, 'L3K3': 0.174, 'L7K2': 0.143, 'L7K3': 0.192}"
2025-06-02,0.021161289429285926,"{'L1K2': 0.176, 'L1K3': 0.199, 'L3K2': 0.135, 'L3K3': 0.173, 'L7K2': 0.137, 'L7K3': 0.18}"
2025-06-09,-0.01242200088809944,"{'L1K2': 0.175, 'L1K3': 0.2, 'L3K2': 0.141, 'L3K3': 0.173, 'L7K2': 0.137, 'L7K3': 0.175}"
2025-06-16,0.012694919457912525,"{'L1K2': 0.172, 'L1K3': 0.202, 'L3K2': 0.144, 'L3K3': 0.173, 'L7K2': 0.136, 'L7K3': 0.173}"
2025-06-23,-0.007670610671178464,"{'L1K2': 0.171, 'L1K3': 0.203, 'L3K2': 0.145, 'L3K3': 0.173, 'L7K2': 0.136, 'L7K3': 0.172}"
2025-06-30,-0.02108425636178288,"{'L1K2': 0.169, 'L1K3': 0.203, 'L3K2': 0.147, 'L3K3': 0.174, 'L7K2': 0.134, 'L7K3': 0.173}"
2025-07-07,-0.01400653003874495,"{'L1K2': 0.168, 'L1K3': 0.206, 'L3K2': 0.144, 'L3K3': 0.176, 'L7K2': 0.134, 'L7K3': 0.172}"
2025-07-14,-0.05330791766108939,"{'L1K2': 0.169, 'L1K3': 0.209, 'L3K2': 0.143, 'L3K3': 0.174, 'L7K2': 0.134, 'L7K3': 0.171}"
2025-07-21,-0.014258517548439207,"{'L1K2': 0.178, 'L1K3': 0.208, 'L3K2': 0.149, 'L3K3': 0.172, 'L7K2': 0.13, 'L7K3': 0.164}"
2025-07-28,-0.016577163967061728,"{'L1K2': 0.185, 'L1K3': 0.204, 'L3K2': 0.155, 'L3K3': 0.173, 'L7K2': 0.126, 'L7K3': 0.157}"
2025-08-04,0.01955751305696946,"{'L1K2': 0.184, 'L1K3': 0.204, 'L3K2': 0.158, 'L3K3': 0.175, 'L7K2': 0.124, 'L7K3': 0.155}"
2025-08-11,0.013982634634694055,"{'L1K2': 0.186, 'L1K3': 0.194, 'L3K2': 0.163, 'L3K3': 0.179, 'L7K2': 0.127, 'L7K3': 0.152}"
2025-08-18,-0.003532727224819707,"{'L1K2': 0.184, 'L1K3': 0.188, 'L3K2': 0.165, 'L3K3': 0.181, 'L7K2': 0.129, 'L7K3': 0.151}"
2025-08-25,0.005136250897993355,"{'L1K2': 0.184, 'L1K3': 0.187, 'L3K2': 0.166, 'L3K3': 0.182, 'L7K2': 0.13, 'L7K3': 0.151}"
2025-09-01,0.005447597117018574,"{'L1K2': 0.182, 'L1K3': 0.184, 'L3K2': 0.172, 'L3K3': 0.185, 'L7K2': 0.128, 'L7K3': 0.149}"
2025-09-08,-0.015692169711809405,"{'L1K2': 0.179, 'L1K3': 0.181, 'L3K2': 0.173, 'L3K3': 0.185, 'L7K2': 0.131, 'L7K3': 0.151}"
2025-09-15,0.0024526394707139556,"{'L1K2': 0.178, 'L1K3': 0.177, 'L3K2': 0.178, 'L3K3': 0.183, 'L7K2': 0.133, 'L7K3': 0.151}"
2025-09-22,0.0318009118795895,"{'L1K2': 0.178, 'L1K3': 0.176, 'L3K2': 0.181, 'L3K3': 0.181, 'L7K2': 0.134, 'L7K3': 0.151}"
2025-09-29,0.043133231883730604,"{'L1K2': 0.178, 'L1K3': 0.173, 'L3K2': 0.182, 'L3K3': 0.179, 'L7K2': 0.136, 'L7K3': 0.151}"
2025-10-06,0.019967023310471118,"{'L1K2': 0.178, 'L1K3': 0.175, 'L3K2': 0.179, 'L3K3': 0.177, 'L7K2': 0.137, 'L7K3': 0.153}"
2025-10-13,-0.02746918870069352,"{'L1K2': 0.178, 'L1K3': 0.174, 'L3K2': 0.177, 'L3K3': 0.175, 'L7K2': 0.142, 'L7K3': 0.155}"
2025-10-20,0.014691457277896764,"{'L1K2': 0.176, 'L1K3': 0.172, 'L3K2': 0.177, 'L3K3': 0.174, 'L7K2': 0.144, 'L7K3': 0.157}"
2025-10-27,0.03231458178819208,"{'L1K2': 0.176, 'L1K3': 0.171, 'L3K2': 0.176, 'L3K3': 0.173, 'L7K2': 0.146, 'L7K3': 0.158}"
2025-11-03,0.004618035295268322,"{'L1K2': 0.176, 'L1K3': 0.171, 'L3K2': 0.174, 'L3K3': 0.174, 'L7K2': 0.146, 'L7K3': 0.159}"
2025-11-10,0.008825023099068966,"{'L1K2': 0.17, 'L1K3': 0.162, 'L3K2': 0.184, 'L3K3': 0.185, 'L7K2': 0.141, 'L7K3': 0.159}"
2025-11-17,-0.016226574830296166,"{'L1K2': 0.167, 'L1K3': 0.157, 'L3K2': 0.189, 'L3K3': 0.19, 'L7K2': 0.138, 'L7K3': 0.159}"
2025-11-24,-0.04453166857030676,"{'L1K2': 0.168, 'L1K3': 0.155, 'L3K2': 0.189, 'L3K3': 0.194, 'L7K2': 0.135, 'L7K3': 0.159}"
2025-12-01,-0.026565344863773294,"{'L1K2': 0.167, 'L1K3': 0.158, 'L3K2': 0.181, 'L3K3': 0.197, 'L7K2': 0.134, 'L7K3': 0.163}"
2025-12-08,-0.016455961018930137,"{'L1K2': 0.168, 'L1K3': 0.159, 'L3K2': 0.175, 'L3K3': 0.199, 'L7K2': 0.133, 'L7K3': 0.166}"
2025-12-15,0.006872081848107122,"{'L1K2': 0.169, 'L1K3': 0.159, 'L3K2': 0.172, 'L3K3': 0.2, 'L7K2': 0.133, 'L7K3': 0.167}"
2025-12-22,0.02604514125446991,"{'L1K2': 0.169, 'L1K3': 0.159, 'L3K2': 0.169, 'L3K3': 0.201, 'L7K2': 0.135, 'L7K3': 0.168}"
2025-12-29,0.013922843305315,"{'L1K2': 0.17, 'L1K3': 0.159, 'L3K2': 0.167, 'L3K3': 0.201, 'L7K2': 0.137, 'L7K3': 0.167}"
2026-01-05,0.005960799617655205,"{'L1K2': 0.168, 'L1K3': 0.159, 'L3K2': 0.169, 'L3K3': 0.204, 'L7K2': 0.136, 'L7K3': 0.165}"
2026-01-12,-0.0007267420157780413,"{'L1K2': 0.166, 'L1K3': 0.159, 'L3K2': 0.17, 'L3K3': 0.208, 'L7K2': 0.135, 'L7K3': 0.163}"
2026-01-19,0.0023462437794740942,"{'L1K2': 0.155, 'L1K3': 0.157, 'L3K2': 0.16, 'L3K3': 0.216, 'L7K2': 0.141, 'L7K3': 0.171}"
2026-01-26,0.036750915072890876,"{'L1K2': 0.151, 'L1K3': 0.156, 'L3K2': 0.155, 'L3K3': 0.22, 'L7K2': 0.144, 'L7K3': 0.174}"
2026-02-02,0.03626148925063079,"{'L1K2': 0.153, 'L1K3': 0.159, 'L3K2': 0.151, 'L3K3': 0.22, 'L7K2': 0.143, 'L7K3': 0.173}"
2026-02-09,-0.01242468700694263,"{'L1K2': 0.152, 'L1K3': 0.17, 'L3K2': 0.146, 'L3K3': 0.209, 'L7K2': 0.141, 'L7K3': 0.181}"
2026-02-16,0.01395814338515414,"{'L1K2': 0.151, 'L1K3': 0.175, 'L3K2': 0.144, 'L3K3': 0.203, 'L7K2': 0.141, 'L7K3': 0.186}"
2026-02-23,0.02399389309998103,"{'L1K2': 0.152, 'L1K3': 0.179, 'L3K2': 0.143, 'L3K3': 0.188, 'L7K2': 0.144, 'L7K3': 0.193}"
2026-03-02,0.023963136403826996,"{'L1K2': 0.152, 'L1K3': 0.175, 'L3K2': 0.144, 'L3K3': 0.181, 'L7K2': 0.149, 'L7K3': 0.198}"
2026-03-09,-0.002776107764646074,"{'L1K2': 0.152, 'L1K3': 0.173, 'L3K2': 0.144, 'L3K3': 0.178, 'L7K2': 0.152, 'L7K3': 0.202}"
2026-03-16,0.032591054123672525,"{'L1K2': 0.152, 'L1K3': 0.172, 'L3K2': 0.144, 'L3K3': 0.177, 'L7K2': 0.154, 'L7K3': 0.202}"
2026-03-23,-0.017256805730782802,"{'L1K2': 0.152, 'L1K3': 0.171, 'L3K2': 0.143, 'L3K3': 0.176, 'L7K2': 0.154, 'L7K3': 0.204}"
2026-03-30,-0.023404967367344955,"{'L1K2': 0.152, 'L1K3': 0.172, 'L3K2': 0.141, 'L3K3': 0.173, 'L7K2': 0.154, 'L7K3': 0.208}"
2026-04-06,0.007261266895870687,"{'L1K2': 0.155, 'L1K3': 0.171, 'L3K2': 0.142, 'L3K3': 0.171, 'L7K2': 0.159, 'L7K3': 0.203}"
2026-04-13,0.00855501745212418,"{'L1K2': 0.156, 'L1K3': 0.171, 'L3K2': 0.143, 'L3K3': 0.171, 'L7K2': 0.16, 'L7K3': 0.199}"
2026-04-20,-0.0028985594661108385,"{'L1K2': 0.156, 'L1K3': 0.174, 'L3K2': 0.142, 'L3K3': 0.17, 'L7K2': 0.161, 'L7K3': 0.197}"
2026-04-27,0.018573460851747423,"{'L1K2': 0.157, 'L1K3': 0.177, 'L3K2': 0.139, 'L3K3': 0.17, 'L7K2': 0.16, 'L7K3': 0.196}"
2026-05-04,-0.0238166890773678,"{'L1K2': 0.159, 'L1K3': 0.179, 'L3K2': 0.139, 'L3K3': 0.17, 'L7K2': 0.158, 'L7K3': 0.195}"
2026-05-11,0.07520365416743331,"{'L1K2': 0.163, 'L1K3': 0.178, 'L3K2': 0.136, 'L3K3': 0.171, 'L7K2': 0.156, 'L7K3': 0.196}"
2026-05-18,0.006407680135814506,"{'L1K2': 0.162, 'L1K3': 0.182, 'L3K2': 0.129, 'L3K3': 0.161, 'L7K2': 0.157, 'L7K3': 0.209}"
2026-05-25,0.0634285289578816,"{'L1K2': 0.161, 'L1K3': 0.183, 'L3K2': 0.124, 'L3K3': 0.157, 'L7K2': 0.159, 'L7K3': 0.217}"
2026-06-01,0.012414788049893679,"{'L1K2': 0.16, 'L1K3': 0.185, 'L3K2': 0.122, 'L3K3': 0.156, 'L7K2': 0.158, 'L7K3': 0.219}"
2026-06-08,0.041271989305843255,"{'L1K2': 0.157, 'L1K3': 0.184, 'L3K2': 0.122, 'L3K3': 0.155, 'L7K2': 0.16, 'L7K3': 0.222}"
2026-06-15,-0.0036349706568900102,"{'L1K2': 0.154, 'L1K3': 0.184, 'L3K2': 0.122, 'L3K3': 0.155, 'L7K2': 0.161, 'L7K3': 0.224}"
2026-06-22,0.011674387479344793,"{'L1K2': 0.155, 'L1K3': 0.187, 'L3K2': 0.122, 'L3K3': 0.154, 'L7K2': 0.161, 'L7K3': 0.222}"
2026-06-29,-0.01706118041741884,"{'L1K2': 0.155, 'L1K3': 0.188, 'L3K2': 0.122, 'L3K3': 0.153, 'L7K2': 0.161, 'L7K3': 0.222}"
2026-07-06,0.011049298695619828,"{'L1K2': 0.157, 'L1K3': 0.189, 'L3K2': 0.123, 'L3K3': 0.152, 'L7K2': 0.158, 'L7K3': 0.22}"
2026-07-13,-0.02823140569623273,"{'L1K2': 0.159, 'L1K3': 0.19, 'L3K2': 0.123, 'L3K3': 0.152, 'L7K2': 0.156, 'L7K3': 0.219}"
2026-07-20,-0.03373090524076104,"{'L1K2': 0.156, 'L1K3': 0.192, 'L3K2': 0.123, 'L3K3': 0.154, 'L7K2': 0.156, 'L7K3': 0.219}"
2026-07-27,0.02672280213969586,"{'L1K2': 0.155, 'L1K3': 0.193, 'L3K2': 0.124, 'L3K3': 0.155, 'L7K2': 0.157, 'L7K3': 0.216}"
2026-08-03,0.0011171323304715584,"{'L1K2': 0.155, 'L1K3': 0.193, 'L3K2': 0.124, 'L3K3': 0.155, 'L7K2': 0.157, 'L7K3': 0.216}"
2026-08-10,-0.0036307963830850406,"{'L1K2': 0.154, 'L1K3': 0.191, 'L3K2': 0.124, 'L3K3': 0.156, 'L7K2': 0.156, 'L7K3': 0.22}"
2026-08-17,-0.035771293464503515,"{'L1K2': 0.153, 'L1K3': 0.19, 'L3K2': 0.123, 'L3K3': 0.156, 'L7K2': 0.155, 'L7K3': 0.222}"
2026-08-24,-0.0066542541668705765,"{'L1K2': 0.147, 'L1K3': 0.179, 'L3K2': 0.125, 'L3K3': 0.166, 'L7K2': 0.156, 'L7K3': 0.227}"
