H,features,model,side,rank_ic,trades,mean_net_pct,win_rate,half1_pct,half2_pct,total_pct
1,base+metrics,ridge,long,,0,,,,,0.0
1,base+metrics,ridge,short,,0,,,,,0.0
1,base+metrics,ridge,both,,0,,,,,0.0
1,base+metrics,hgb,long,0.0051,992,-0.01,0.502,-0.0249,0.0207,-10.0
1,base+metrics,hgb,short,0.0051,198,-0.2612,0.338,-0.1887,-0.3967,-51.7
1,base+metrics,hgb,both,0.0051,1190,-0.0518,0.475,-0.0514,-0.0528,-61.7
1,all,ridge,long,,0,,,,,0.0
1,all,ridge,short,,0,,,,,0.0
1,all,ridge,both,,0,,,,,0.0
1,all,hgb,long,0.0051,1510,-0.0359,0.501,-0.0416,-0.0253,-54.2
1,all,hgb,short,0.0051,654,-0.1938,0.437,-0.2328,-0.0971,-126.7
1,all,hgb,both,0.0051,2164,-0.0836,0.482,-0.1032,-0.0442,-181.0
3,base+metrics,ridge,long,,0,,,,,0.0
3,base+metrics,ridge,short,,0,,,,,0.0
3,base+metrics,ridge,both,,0,,,,,0.0
3,base+metrics,hgb,long,0.0122,3399,0.0221,0.491,0.0597,-0.0245,75.2
3,base+metrics,hgb,short,0.0122,2677,-0.1211,0.463,-0.1188,-0.1247,-324.1
3,base+metrics,hgb,both,0.0122,6076,-0.041,0.479,-0.0236,-0.065,-248.9
3,all,ridge,long,,0,,,,,0.0
3,all,ridge,short,,0,,,,,0.0
3,all,ridge,both,,0,,,,,0.0
3,all,hgb,long,0.0094,3726,-0.008,0.483,0.0124,-0.0331,-29.7
3,all,hgb,short,0.0094,2980,-0.0622,0.471,-0.0764,-0.0424,-185.5
3,all,hgb,both,0.0094,6706,-0.0321,0.478,-0.0283,-0.0371,-215.2
6,base+metrics,ridge,long,,0,,,,,0.0
6,base+metrics,ridge,short,,0,,,,,0.0
6,base+metrics,ridge,both,,0,,,,,0.0
6,base+metrics,hgb,long,-0.0079,2396,-0.007,0.493,-0.0026,-0.0117,-16.8
6,base+metrics,hgb,short,-0.0079,2157,-0.1642,0.462,-0.2184,-0.1059,-354.1
6,base+metrics,hgb,both,-0.0079,4553,-0.0815,0.478,-0.1046,-0.0564,-370.9
6,all,ridge,long,,0,,,,,0.0
6,all,ridge,short,,0,,,,,0.0
6,all,ridge,both,,0,,,,,0.0
6,all,hgb,long,0.0019,2275,0.0367,0.489,0.0873,-0.0156,83.5
6,all,hgb,short,0.0019,2011,-0.104,0.472,-0.1242,-0.0811,-209.1
6,all,hgb,both,0.0019,4286,-0.0293,0.481,-0.0143,-0.0455,-125.6
12,base+metrics,ridge,long,,0,,,,,0.0
12,base+metrics,ridge,short,,0,,,,,0.0
12,base+metrics,ridge,both,,0,,,,,0.0
12,base+metrics,hgb,long,0.0,1311,0.0801,0.495,0.1332,0.0247,105.0
12,base+metrics,hgb,short,0.0,1132,-0.2201,0.469,-0.3654,-0.068,-249.2
12,base+metrics,hgb,both,0.0,2443,-0.059,0.483,-0.0982,-0.0182,-144.2
12,all,ridge,long,,0,,,,,0.0
12,all,ridge,short,,0,,,,,0.0
12,all,ridge,both,,0,,,,,0.0
12,all,hgb,long,-0.0007,1289,0.0794,0.494,0.1271,0.0279,102.3
12,all,hgb,short,-0.0007,1126,-0.1457,0.477,-0.2096,-0.0814,-164.1
12,all,hgb,both,-0.0007,2415,-0.0256,0.486,-0.027,-0.024,-61.7
24,base+metrics,ridge,long,,0,,,,,0.0
24,base+metrics,ridge,short,,0,,,,,0.0
24,base+metrics,ridge,both,,0,,,,,0.0
24,base+metrics,hgb,long,-0.0103,688,0.209,0.506,0.2671,0.1496,143.8
24,base+metrics,hgb,short,-0.0103,617,-0.5945,0.465,-0.8947,-0.2515,-366.8
24,base+metrics,hgb,both,-0.0103,1305,-0.1709,0.487,-0.2975,-0.0343,-223.0
24,all,ridge,long,,0,,,,,0.0
24,all,ridge,short,,0,,,,,0.0
24,all,ridge,both,,0,,,,,0.0
24,all,hgb,long,-0.0046,682,0.1764,0.516,0.2319,0.1199,120.3
24,all,hgb,short,-0.0046,599,-0.4894,0.482,-0.668,-0.2966,-293.2
24,all,hgb,both,-0.0046,1281,-0.135,0.5,-0.1954,-0.0717,-172.9
