H,features,side,rank_ic,trades,mean_net_pct,win_rate,half1_pct,half2_pct,total_pct
1,base+metrics,long,0.0065,4154,-0.008,0.49,0.0176,-0.0401,-33.4
1,base+metrics,short,0.0065,844,-0.046,0.494,-0.0459,-0.0462,-38.8
1,base+metrics,both,0.0065,4998,-0.0144,0.491,0.0056,-0.041,-72.2
1,all,long,0.003,4917,-0.0036,0.492,0.0251,-0.0417,-17.6
1,all,short,0.003,1523,-0.0702,0.468,-0.079,-0.0582,-106.9
1,all,both,0.003,6440,-0.0193,0.486,0.0003,-0.0456,-124.5
3,base+metrics,long,0.0086,4433,0.0061,0.492,0.0367,-0.0251,27.0
3,base+metrics,short,0.0086,1973,-0.0546,0.475,-0.0716,-0.0351,-107.7
3,base+metrics,both,0.0086,6406,-0.0126,0.487,0.002,-0.0281,-80.8
3,all,long,-0.0021,4228,0.013,0.489,0.0859,-0.0601,55.1
3,all,short,-0.0021,2536,-0.0375,0.484,-0.0323,-0.0437,-95.2
3,all,both,-0.0021,6764,-0.0059,0.487,0.0394,-0.0543,-40.1
6,base+metrics,long,-0.0045,2527,0.0113,0.489,0.0335,-0.0114,28.4
6,base+metrics,short,-0.0045,1380,0.0036,0.465,-0.0005,0.0078,4.9
6,base+metrics,both,-0.0045,3907,0.0085,0.481,0.0213,-0.0047,33.3
6,all,long,-0.0149,2421,-0.0104,0.491,0.0349,-0.055,-25.2
6,all,short,-0.0149,1535,-0.0118,0.481,-0.0465,0.0273,-18.2
6,all,both,-0.0149,3956,-0.011,0.487,0.002,-0.0244,-43.4
12,base+metrics,long,-0.0067,1322,0.147,0.492,0.27,0.0221,194.3
12,base+metrics,short,-0.0067,798,-0.0392,0.454,-0.0407,-0.0375,-31.3
12,base+metrics,both,-0.0067,2120,0.0769,0.478,0.15,0.0003,163.0
12,all,long,-0.0129,1282,0.1077,0.487,0.2319,-0.013,138.1
12,all,short,-0.0129,842,-0.0823,0.457,-0.15,-0.0079,-69.3
12,all,both,-0.0129,2124,0.0324,0.475,0.0749,-0.0111,68.7
24,base+metrics,long,-0.0178,676,0.3302,0.503,0.5242,0.1429,223.2
24,base+metrics,short,-0.0178,411,-0.1839,0.47,-0.212,-0.1519,-75.6
24,base+metrics,both,-0.0178,1087,0.1358,0.49,0.2316,0.0373,147.6
24,all,long,-0.0288,667,0.2719,0.513,0.4515,0.0927,181.3
24,all,short,-0.0288,402,-0.2865,0.478,-0.4355,-0.1185,-115.2
24,all,both,-0.0288,1069,0.0619,0.5,0.1055,0.0164,66.2
