L,K,R,net_pct,funding_pct,price_pct,cost_pct,sharpe,max_dd_pct,y1_net,y2_net
1,2,8,-4.57,12.0,58.33,74.9,-0.08,-34.35,7.05,-11.62
1,2,24,-31.1,10.95,5.4,47.46,-0.51,-42.74,-13.23,-17.87
1,2,72,-18.18,9.3,-8.65,18.83,-0.27,-44.42,-0.43,-17.75
1,2,168,28.91,7.75,29.81,8.64,0.45,-38.59,-12.64,41.55
1,3,8,-9.49,9.66,44.41,63.56,-0.19,-37.71,8.07,-17.56
1,3,24,-3.22,8.85,29.47,41.53,-0.06,-32.08,6.68,-9.9
1,3,72,24.05,7.43,33.56,16.94,0.46,-22.96,15.7,8.36
1,3,168,16.91,6.48,18.01,7.58,0.34,-34.94,-13.14,30.06
3,2,8,19.66,11.59,59.2,51.14,0.32,-32.55,13.19,6.47
3,2,24,45.3,10.89,63.29,28.88,0.72,-28.81,35.38,9.92
3,2,72,0.29,9.58,8.21,17.5,0.0,-40.76,-10.65,10.95
3,2,168,-2.8,8.96,-3.05,8.72,-0.04,-62.04,-28.16,25.35
3,3,8,-4.46,9.44,28.5,42.4,-0.09,-29.22,-11.91,7.45
3,3,24,5.82,8.88,20.9,23.96,0.12,-25.9,3.76,2.06
3,3,72,17.67,8.06,24.19,14.58,0.33,-26.99,-5.21,22.88
3,3,168,16.68,7.5,16.3,7.12,0.32,-29.49,-1.31,17.99
7,2,8,-22.27,10.99,-4.56,28.7,-0.35,-59.7,-25.21,2.93
7,2,24,6.63,10.52,12.66,16.56,0.1,-52.82,-19.25,25.87
7,2,72,-6.57,9.81,-5.88,10.5,-0.1,-71.28,-41.97,35.4
7,2,168,15.59,9.83,12.31,6.54,0.25,-45.72,-12.1,27.69
7,3,8,29.93,9.2,43.43,22.7,0.57,-26.2,10.89,19.04
7,3,24,11.11,8.86,15.62,13.37,0.22,-26.02,-1.36,12.47
7,3,72,0.8,8.33,1.15,8.68,0.02,-36.06,-9.61,10.41
7,3,168,39.51,7.96,37.27,5.72,0.79,-29.06,9.12,30.39
